Name,Price
Philips Series 5400 LatteGo EP5446/70,19990
LEGO® Super Mario™ 71367 Mariův dům a Yoshi – rozšiřující set,549
Google Pixel 6 5G 8GB/128GB černá,12990
"32"" Samsung UE32T5372C",7989
Apple AirPods 2019,3490
Logitech G29 Driving Force,6799
HISENSE RS650N4AF2 + 10 let záruka na kompresor,20790
Samsung Galaxy Watch 4 Classic 46mm stříbrné,7490
Rowenta RO2981EA Swift Power Cyclonic Home & Car,1999
Blackview GBV4900 Pro černá,3819
HP Pavilion x360 15-er0900nc Natural Silver Záruka 3 roky,19989
Demons Souls Remake - PS5,999
CALVIN KLEIN Euphoria EdP 160 ml,1289
Kolonožka Off road Lightning,3560
"50"" Samsung UE50AU7102",11490
AlzaPower Metal 20000mAh Fast Charge + PD3.0 černá,899
Listerine Total Care Teeth Protection 1000ml,149
"AlzaErgo M305B Convey kloubový 37""-70""",1699
Bery Jones Kešu pražené solené W320 1kg,399
Lenovo Yoga Tab 11 4GB + 128 GB Storm Grey LTE,7999
"23.8"" Dell S2421HS",4590
AlzaTools PRO CBCHS40V Brushless BatteryONE 20V (twin battery = 40V),3399
Mäser Jídelní sada 18ks LONDRA,799
Epson EcoTank L3250,4790
Philips Series 5400 LatteGo EP5446/70,19990
LEGO® Super Mario™ 71367 Mariův dům a Yoshi – rozšiřující set,549
Google Pixel 6 5G 8GB/128GB černá,12990
"32"" Samsung UE32T5372C",7989
Apple AirPods 2019,3490
Logitech G29 Driving Force,6799
HISENSE RS650N4AF2 + 10 let záruka na kompresor,20790
Samsung Galaxy Watch 4 Classic 46mm stříbrné,7490
Rowenta RO2981EA Swift Power Cyclonic Home & Car,1999
Blackview GBV4900 Pro černá,3819
HP Pavilion x360 15-er0900nc Natural Silver Záruka 3 roky,19989
Demons Souls Remake - PS5,999
CALVIN KLEIN Euphoria EdP 160 ml,1289
Kolonožka Off road Lightning,3560
"50"" Samsung UE50AU7102",11490
AlzaPower Metal 20000mAh Fast Charge + PD3.0 černá,899
Listerine Total Care Teeth Protection 1000ml,149
"AlzaErgo M305B Convey kloubový 37""-70""",1699
Bery Jones Kešu pražené solené W320 1kg,399
Lenovo Yoga Tab 11 4GB + 128 GB Storm Grey LTE,7999
"23.8"" Dell S2421HS",4590
AlzaTools PRO CBCHS40V Brushless BatteryONE 20V (twin battery = 40V),3399
Mäser Jídelní sada 18ks LONDRA,799
Epson EcoTank L3250,4790
